model,dd_dir,sym_file,dd_rev_guess,command_name,sym_id,flags
FY301,0003,0101.sym,01.01,write_number_table_points,16433,
FY301,0003,0101.sym,01.01,write_mileage_limit_and_mileage_span,16498,
FY301,0003,0101.sym,01.01,write_valve_id_number,16487,
FY301,0003,0101.sym,01.01,reset_settings,16538,
FY301,0003,0101.sym,01.01,read_servo_pid_block_parameters,16512,
FY301,0003,0101.sym,01.01,read_mileage_limit_and_mileage_span,16491,
FY301,0003,0101.sym,01.01,read_derivation_DB_and_time_reversal_DB_and_limit,16499,
FY301,0003,0101.sym,01.01,write_servo_pid_proportional_factor_kp,16516,
FY301,0003,0101.sym,01.01,write_servo_pid_dead_band,16518,
FY301,0003,0101.sym,01.01,read_set_point_percentage_sp,16530,
FY301,0003,0101.sym,01.01,get_performance_time,16550,
FY301,0003,0101.sym,01.01,read_diagnosis_reference,16540,
FY301,0003,0101.sym,01.01,read_valve_action,16438,
FY301,0003,0101.sym,01.01,read_table_function,16422,
FY301,0003,0101.sym,01.01,write_servo_pid_set_point_mode,16529,
FY301,0003,0101.sym,01.01,read_diagnosis_refence_cont,16551,
FY301,0003,0101.sym,01.01,read_servo_pid_controller_mode,16506,
FY301,0003,0101.sym,01.01,trim_temperature_trim_factory,16437,
FY301,0003,0101.sym,01.01,write_servo_pid_controller_mode,16508,
FY301,0003,0101.sym,01.01,read_password,16465,
FY301,0003,0101.sym,01.01,write_fail_safe_mode_alarm_selection,16505,
FY301,0003,0101.sym,01.01,write_diagnostic_flag_enable_disable,16537,
FY301,0003,0101.sym,01.01,write_actuator_id_number,16484,
FY301,0003,0101.sym,01.01,write_derivation_DB_and_time_reversal_DB_and_limit,16504,
FY301,0003,0101.sym,01.01,read_counter_of_change,16441,
FY301,0003,0101.sym,01.01,read_static_data_materials_and_air_to,16414,
FY301,0003,0101.sym,01.01,write_smar_order_code,16475,
FY301,0003,0101.sym,01.01,write_valve_action,16440,
FY301,0003,0101.sym,01.01,write_servo_pid_set_point_percentage_sp,16531,
FY301,0003,0101.sym,01.01,write_servo_pid_sp_limits,16526,
FY301,0003,0101.sym,01.01,read_levels_of_programing_tree,16477,
FY301,0003,0101.sym,01.01,read_valve_id_number,16485,
FY301,0003,0101.sym,01.01,read_servo_pid_set_point_mode,16527,
FY301,0003,0101.sym,01.01,write_servo_pid_power_up_data_percent,16534,
FY301,0003,0101.sym,01.01,write_air_to,16417,
FY301,0003,0101.sym,01.01,backup_restore,16435,
FY301,0003,0101.sym,01.01,read_valve_motion_type,16488,
FY301,0003,0101.sym,01.01,write_upper_transducer_trim_point,16419,
FY301,0003,0101.sym,01.01,write_levels_of_programing_tree,16481,
FY301,0003,0101.sym,01.01,write_valve_motion_type,16490,
FY301,0003,0101.sym,01.01,read_actuator_id_number,16482,
FY301,0003,0101.sym,01.01,write_diaginosis_reference,16549,
FY301,0003,0101.sym,01.01,read_servo_pid_controller_variables,16509,
FY301,0003,0101.sym,01.01,read_diagnosis_variables,16556,
FY301,0003,0101.sym,01.01,lower_upper_da_trim,16460,
FY301,0003,0101.sym,01.01,write_servo_pid_integral_factor_tr,16517,
FY301,0003,0101.sym,01.01,read_servo_pid_sp_limits,16519,
FY301,0003,0101.sym,01.01,read_servo_pid_power_up_data_percent,16532,
FY301,0003,0101.sym,01.01,Write_lower_transducer_trim_point,16418,
FY301,0003,0101.sym,01.01,setup_command,16434,
FY301,0003,0101.sym,01.01,write_divice_id_number,16476,
FY301,0003,0101.sym,01.01,read_smar_order_code,16473,
FY301,0003,0101.sym,01.01,read_local_keys_mode_control,16463,
FY301,0003,0101.sym,01.01,write_table_function,16430,
FY301,0003,0101.sym,01.01,read_local_key_mode_control,16420,
FY301,0003,0101.sym,01.01,write_password,16470,
FY301,0003,0101.sym,01.01,read_diagnostic_flag_enable_disable,16535,
FY301,0003,0102.sym,01.02,write_number_table_points,16433,
FY301,0003,0102.sym,01.02,write_mileage_limit_and_mileage_span,16498,
FY301,0003,0102.sym,01.02,write_valve_id_number,16487,
FY301,0003,0102.sym,01.02,reset_settings,16538,
FY301,0003,0102.sym,01.02,read_servo_pid_block_parameters,16512,
FY301,0003,0102.sym,01.02,read_mileage_limit_and_mileage_span,16491,
FY301,0003,0102.sym,01.02,read_derivation_DB_and_time_reversal_DB_and_limit,16499,
FY301,0003,0102.sym,01.02,write_servo_pid_proportional_factor_kp,16516,
FY301,0003,0102.sym,01.02,write_servo_pid_dead_band,16518,
FY301,0003,0102.sym,01.02,read_set_point_percentage_sp,16530,
FY301,0003,0102.sym,01.02,get_performance_time,16550,
FY301,0003,0102.sym,01.02,read_diagnosis_reference,16540,
FY301,0003,0102.sym,01.02,read_valve_action,16438,
FY301,0003,0102.sym,01.02,read_table_function,16422,
FY301,0003,0102.sym,01.02,write_servo_pid_set_point_mode,16529,
FY301,0003,0102.sym,01.02,read_diagnosis_refence_cont,16551,
FY301,0003,0102.sym,01.02,read_servo_pid_controller_mode,16506,
FY301,0003,0102.sym,01.02,trim_temperature_trim_factory,16437,
FY301,0003,0102.sym,01.02,write_servo_pid_controller_mode,16508,
FY301,0003,0102.sym,01.02,read_password,16465,
FY301,0003,0102.sym,01.02,write_fail_safe_mode_alarm_selection,16505,
FY301,0003,0102.sym,01.02,write_diagnostic_flag_enable_disable,16537,
FY301,0003,0102.sym,01.02,write_actuator_id_number,16484,
FY301,0003,0102.sym,01.02,write_derivation_DB_and_time_reversal_DB_and_limit,16504,
FY301,0003,0102.sym,01.02,read_counter_of_change,16441,
FY301,0003,0102.sym,01.02,read_static_data_materials_and_air_to,16414,
FY301,0003,0102.sym,01.02,write_smar_order_code,16475,
FY301,0003,0102.sym,01.02,write_valve_action,16440,
FY301,0003,0102.sym,01.02,write_servo_pid_set_point_percentage_sp,16531,
FY301,0003,0102.sym,01.02,write_servo_pid_sp_limits,16526,
FY301,0003,0102.sym,01.02,read_levels_of_programing_tree,16477,
FY301,0003,0102.sym,01.02,read_valve_id_number,16485,
FY301,0003,0102.sym,01.02,read_servo_pid_set_point_mode,16527,
FY301,0003,0102.sym,01.02,write_servo_pid_power_up_data_percent,16534,
FY301,0003,0102.sym,01.02,write_air_to,16417,
FY301,0003,0102.sym,01.02,backup_restore,16435,
FY301,0003,0102.sym,01.02,read_valve_motion_type,16488,
FY301,0003,0102.sym,01.02,write_upper_transducer_trim_point,16419,
FY301,0003,0102.sym,01.02,write_levels_of_programing_tree,16481,
FY301,0003,0102.sym,01.02,write_valve_motion_type,16490,
FY301,0003,0102.sym,01.02,read_actuator_id_number,16482,
FY301,0003,0102.sym,01.02,write_diaginosis_reference,16549,
FY301,0003,0102.sym,01.02,read_servo_pid_controller_variables,16509,
FY301,0003,0102.sym,01.02,read_diagnosis_variables,16556,
FY301,0003,0102.sym,01.02,lower_upper_da_trim,16460,
FY301,0003,0102.sym,01.02,write_servo_pid_integral_factor_tr,16517,
FY301,0003,0102.sym,01.02,read_servo_pid_sp_limits,16519,
FY301,0003,0102.sym,01.02,read_servo_pid_power_up_data_percent,16532,
FY301,0003,0102.sym,01.02,Write_lower_transducer_trim_point,16418,
FY301,0003,0102.sym,01.02,setup_command,16434,
FY301,0003,0102.sym,01.02,write_divice_id_number,16476,
FY301,0003,0102.sym,01.02,read_smar_order_code,16473,
FY301,0003,0102.sym,01.02,read_local_keys_mode_control,16463,
FY301,0003,0102.sym,01.02,write_table_function,16430,
FY301,0003,0102.sym,01.02,read_local_key_mode_control,16420,
FY301,0003,0102.sym,01.02,write_password,16470,
FY301,0003,0102.sym,01.02,read_diagnostic_flag_enable_disable,16535,
FY301,0003,0103.sym,01.03,write_number_table_points,16433,
FY301,0003,0103.sym,01.03,write_mileage_limit_and_mileage_span,16498,
FY301,0003,0103.sym,01.03,write_valve_id_number,16487,
FY301,0003,0103.sym,01.03,reset_settings,16538,
FY301,0003,0103.sym,01.03,read_servo_pid_block_parameters,16512,
FY301,0003,0103.sym,01.03,read_mileage_limit_and_mileage_span,16491,
FY301,0003,0103.sym,01.03,read_derivation_DB_and_time_reversal_DB_and_limit,16499,
FY301,0003,0103.sym,01.03,write_servo_pid_proportional_factor_kp,16516,
FY301,0003,0103.sym,01.03,write_servo_pid_dead_band,16518,
FY301,0003,0103.sym,01.03,read_set_point_percentage_sp,16530,
FY301,0003,0103.sym,01.03,get_performance_time,16550,
FY301,0003,0103.sym,01.03,read_diagnosis_reference,16540,
FY301,0003,0103.sym,01.03,read_valve_action,16438,
FY301,0003,0103.sym,01.03,read_table_function,16422,
FY301,0003,0103.sym,01.03,write_servo_pid_set_point_mode,16529,
FY301,0003,0103.sym,01.03,read_diagnosis_refence_cont,16551,
FY301,0003,0103.sym,01.03,read_servo_pid_controller_mode,16506,
FY301,0003,0103.sym,01.03,trim_temperature_trim_factory,16437,
FY301,0003,0103.sym,01.03,write_servo_pid_controller_mode,16508,
FY301,0003,0103.sym,01.03,read_password,16465,
FY301,0003,0103.sym,01.03,write_unit_pressure,16666,
FY301,0003,0103.sym,01.03,write_fail_safe_mode_alarm_selection,16505,
FY301,0003,0103.sym,01.03,write_diagnostic_flag_enable_disable,16537,
FY301,0003,0103.sym,01.03,write_actuator_id_number,16484,
FY301,0003,0103.sym,01.03,write_derivation_DB_and_time_reversal_DB_and_limit,16504,
FY301,0003,0103.sym,01.03,read_counter_of_change,16441,
FY301,0003,0103.sym,01.03,read_static_data_materials_and_air_to,16414,
FY301,0003,0103.sym,01.03,write_smar_order_code,16475,
FY301,0003,0103.sym,01.03,write_valve_action,16440,
FY301,0003,0103.sym,01.03,write_display_indication,16679,
FY301,0003,0103.sym,01.03,write_servo_pid_set_point_percentage_sp,16531,
FY301,0003,0103.sym,01.03,write_servo_pid_sp_limits,16526,
FY301,0003,0103.sym,01.03,read_levels_of_programing_tree,16477,
FY301,0003,0103.sym,01.03,read_valve_id_number,16485,
FY301,0003,0103.sym,01.03,read_servo_pid_set_point_mode,16527,
FY301,0003,0103.sym,01.03,write_read_manual_setup,16682,
FY301,0003,0103.sym,01.03,write_servo_pid_power_up_data_percent,16534,
FY301,0003,0103.sym,01.03,read_unit_pressure,16664,
FY301,0003,0103.sym,01.03,write_air_to,16417,
FY301,0003,0103.sym,01.03,backup_restore,16435,
FY301,0003,0103.sym,01.03,read_valve_motion_type,16488,
FY301,0003,0103.sym,01.03,write_upper_transducer_trim_point,16419,
FY301,0003,0103.sym,01.03,write_levels_of_programing_tree,16481,
FY301,0003,0103.sym,01.03,write_valve_motion_type,16490,
FY301,0003,0103.sym,01.03,read_display_indication,16677,
FY301,0003,0103.sym,01.03,read_pressure_status,16675,
FY301,0003,0103.sym,01.03,read_actuator_id_number,16482,
FY301,0003,0103.sym,01.03,write_diaginosis_reference,16549,
FY301,0003,0103.sym,01.03,read_manual_setup,16680,
FY301,0003,0103.sym,01.03,read_servo_pid_controller_variables,16509,
FY301,0003,0103.sym,01.03,read_diagnosis_variables,16556,
FY301,0003,0103.sym,01.03,lower_upper_da_trim,16460,
FY301,0003,0103.sym,01.03,write_servo_pid_integral_factor_tr,16517,
FY301,0003,0103.sym,01.03,read_servo_pid_sp_limits,16519,
FY301,0003,0103.sym,01.03,read_sensor_pressure_limits,16671,
FY301,0003,0103.sym,01.03,read_servo_pid_power_up_data_percent,16532,
FY301,0003,0103.sym,01.03,Write_lower_transducer_trim_point,16418,
FY301,0003,0103.sym,01.03,setup_command,16434,
FY301,0003,0103.sym,01.03,write_divice_id_number,16476,
FY301,0003,0103.sym,01.03,read_smar_order_code,16473,
FY301,0003,0103.sym,01.03,write_sensor_pressure_limits,16674,
FY301,0003,0103.sym,01.03,read_local_keys_mode_control,16463,
FY301,0003,0103.sym,01.03,write_table_function,16430,
FY301,0003,0103.sym,01.03,trim_upper_lower_pressure,16667,
FY301,0003,0103.sym,01.03,read_local_key_mode_control,16420,
FY301,0003,0103.sym,01.03,write_password,16470,
FY301,0003,0103.sym,01.03,read_diagnostic_flag_enable_disable,16535,
FY301,0003,0201.sym,02.01,read_servo_pid_controller_mode,16497,
FY301,0003,0201.sym,02.01,write_fail_safe_mode_alarm_selection,16496,
FY301,0003,0201.sym,02.01,write_levels_of_programing_tree,16480,
FY301,0003,0201.sym,02.01,write_read_manual_setup,16706,
FY301,0003,0201.sym,02.01,write_valve_action,16439,
FY301,0003,0201.sym,02.01,write_servo_pid_controller_mode,16499,
FY301,0003,0201.sym,02.01,write_servo_pid_proportional_factor_kp,16507,
FY301,0003,0201.sym,02.01,read_smar_order_code,16472,
FY301,0003,0201.sym,02.01,write_valve_id_number,16486,
FY301,0003,0201.sym,02.01,read_servo_pid_set_point_mode,16518,
FY301,0003,0201.sym,02.01,read_servo_pid_controller_variables,16500,
FY301,0003,0201.sym,02.01,reset_settings,16529,
FY301,0003,0201.sym,02.01,read_levels_of_programing_tree,16476,
FY301,0003,0201.sym,02.01,read_set_point_percentage_sp,16521,
FY301,0003,0201.sym,02.01,read_actuator_id_number,16481,
FY301,0003,0201.sym,02.01,read_manual_setup,16704,
FY301,0003,0201.sym,02.01,read_password,16464,
FY301,0003,0201.sym,02.01,trim_upper_lower_pressure,16691,
FY301,0003,0201.sym,02.01,write_divice_id_number,16475,
FY301,0003,0201.sym,02.01,write_servo_pid_power_up_data_percent,16525,
FY301,0003,0201.sym,02.01,read_diagnosis_refence_cont,16542,
FY301,0003,0201.sym,02.01,write_table_function,16429,
FY301,0003,0201.sym,02.01,read_unit_pressure,16688,
FY301,0003,0201.sym,02.01,write_mileage_limit_and_mileage_span,16494,
FY301,0003,0201.sym,02.01,write_upper_transducer_trim_point,16418,
FY301,0003,0201.sym,02.01,read_mileage_limit_and_mileage_span,16490,
FY301,0003,0201.sym,02.01,write_servo_pid_dead_band,16509,
FY301,0003,0201.sym,02.01,read_valve_action,16437,
FY301,0003,0201.sym,02.01,backup_restore,16434,
FY301,0003,0201.sym,02.01,write_servo_pid_sp_limits,16517,
FY301,0003,0201.sym,02.01,read_diagnostic_flag_enable_disable,16526,
FY301,0003,0201.sym,02.01,setup_command,16433,
FY301,0003,0201.sym,02.01,write_servo_pid_integral_factor_tr,16508,
FY301,0003,0201.sym,02.01,read_display_indication,16701,
FY301,0003,0201.sym,02.01,read_servo_pid_power_up_data_percent,16523,
FY301,0003,0201.sym,02.01,write_smar_order_code,16474,
FY301,0003,0201.sym,02.01,write_unit_pressure,16690,
FY301,0003,0201.sym,02.01,write_diaginosis_reference,16540,
FY301,0003,0201.sym,02.01,read_static_data_materials_and_air_to,16413,
FY301,0003,0201.sym,02.01,write_number_table_points,16432,
FY301,0003,0201.sym,02.01,write_derivation_DB_and_time_reversal_DB_and_limit,16674,
FY301,0003,0201.sym,02.01,read_diagnosis_reference,16531,
FY301,0003,0201.sym,02.01,write_sensor_pressure_limits,16698,
FY301,0003,0201.sym,02.01,trim_temperature_trim_factory,16436,
FY301,0003,0201.sym,02.01,read_local_keys_mode_control,16462,
FY301,0003,0201.sym,02.01,read_diagnosis_variables,16547,
FY301,0003,0201.sym,02.01,read_table_function,16421,
FY301,0003,0201.sym,02.01,write_display_indication,16703,
FY301,0003,0201.sym,02.01,write_password,16469,
FY301,0003,0201.sym,02.01,write_actuator_id_number,16483,
FY301,0003,0201.sym,02.01,write_servo_pid_set_point_percentage_sp,16522,
FY301,0003,0201.sym,02.01,get_performance_time,16541,
FY301,0003,0201.sym,02.01,write_air_to,16416,
FY301,0003,0201.sym,02.01,read_sensor_pressure_limits,16695,
FY301,0003,0201.sym,02.01,Read_Pressure_Sensor_Value,16684,
FY301,0003,0201.sym,02.01,write_manufacturer_and_device_codes_and_specific_revision_of_hart,16495,
FY301,0003,0201.sym,02.01,read_pressure_status,16699,
FY301,0003,0201.sym,02.01,read_valve_id_number,16484,
FY301,0003,0201.sym,02.01,read_valve_motion_type,16487,
FY301,0003,0201.sym,02.01,write_servo_pid_set_point_mode,16520,
FY301,0003,0201.sym,02.01,read_servo_pid_block_parameters,16503,
FY301,0003,0201.sym,02.01,Write_lower_transducer_trim_point,16417,
FY301,0003,0201.sym,02.01,lower_upper_da_trim,16459,
FY301,0003,0201.sym,02.01,read_local_key_mode_control,16419,
FY301,0003,0201.sym,02.01,write_valve_motion_type,16489,
FY301,0003,0201.sym,02.01,write_diagnostic_flag_enable_disable,16528,
FY301,0003,0201.sym,02.01,read_counter_of_change,16440,
FY301,0003,0201.sym,02.01,read_servo_pid_sp_limits,16510,
FY301,0003,0201.sym,02.01,read_derivation_DB_and_time_reversal_DB_and_limit,16669,
FY301,0003,0202.sym,02.02,write_number_table_points,16433,
FY301,0003,0202.sym,02.02,write_mileage_limit_and_mileage_span,16498,
FY301,0003,0202.sym,02.02,write_valve_id_number,16487,
FY301,0003,0202.sym,02.02,reset_settings,16538,
FY301,0003,0202.sym,02.02,read_servo_pid_block_parameters,16512,
FY301,0003,0202.sym,02.02,read_mileage_limit_and_mileage_span,16491,
FY301,0003,0202.sym,02.02,read_derivation_DB_and_time_reversal_DB_and_limit,16499,
FY301,0003,0202.sym,02.02,write_servo_pid_proportional_factor_kp,16516,
FY301,0003,0202.sym,02.02,write_servo_pid_dead_band,16518,
FY301,0003,0202.sym,02.02,read_set_point_percentage_sp,16530,
FY301,0003,0202.sym,02.02,get_performance_time,16550,
FY301,0003,0202.sym,02.02,read_diagnosis_reference,16540,
FY301,0003,0202.sym,02.02,read_valve_action,16438,
FY301,0003,0202.sym,02.02,read_table_function,16422,
FY301,0003,0202.sym,02.02,write_servo_pid_set_point_mode,16529,
FY301,0003,0202.sym,02.02,read_diagnosis_refence_cont,16551,
FY301,0003,0202.sym,02.02,read_servo_pid_controller_mode,16506,
FY301,0003,0202.sym,02.02,trim_temperature_trim_factory,16437,
FY301,0003,0202.sym,02.02,write_servo_pid_controller_mode,16508,
FY301,0003,0202.sym,02.02,read_password,16465,
FY301,0003,0202.sym,02.02,write_unit_pressure,16667,
FY301,0003,0202.sym,02.02,write_fail_safe_mode_alarm_selection,16505,
FY301,0003,0202.sym,02.02,write_diagnostic_flag_enable_disable,16537,
FY301,0003,0202.sym,02.02,write_actuator_id_number,16484,
FY301,0003,0202.sym,02.02,write_derivation_DB_and_time_reversal_DB_and_limit,16504,
FY301,0003,0202.sym,02.02,read_counter_of_change,16441,
FY301,0003,0202.sym,02.02,read_static_data_materials_and_air_to,16414,
FY301,0003,0202.sym,02.02,write_smar_order_code,16475,
FY301,0003,0202.sym,02.02,write_valve_action,16440,
FY301,0003,0202.sym,02.02,write_display_indication,16680,
FY301,0003,0202.sym,02.02,Read_Pressure_Sensor_Value,16697,
FY301,0003,0202.sym,02.02,write_servo_pid_set_point_percentage_sp,16531,
FY301,0003,0202.sym,02.02,write_servo_pid_sp_limits,16526,
FY301,0003,0202.sym,02.02,read_levels_of_programing_tree,16477,
FY301,0003,0202.sym,02.02,read_valve_id_number,16485,
FY301,0003,0202.sym,02.02,read_servo_pid_set_point_mode,16527,
FY301,0003,0202.sym,02.02,write_read_manual_setup,16683,
FY301,0003,0202.sym,02.02,write_servo_pid_power_up_data_percent,16534,
FY301,0003,0202.sym,02.02,read_unit_pressure,16665,
FY301,0003,0202.sym,02.02,write_air_to,16417,
FY301,0003,0202.sym,02.02,backup_restore,16435,
FY301,0003,0202.sym,02.02,read_valve_motion_type,16488,
FY301,0003,0202.sym,02.02,write_upper_transducer_trim_point,16419,
FY301,0003,0202.sym,02.02,write_levels_of_programing_tree,16481,
FY301,0003,0202.sym,02.02,write_valve_motion_type,16490,
FY301,0003,0202.sym,02.02,read_display_indication,16678,
FY301,0003,0202.sym,02.02,read_pressure_status,16676,
FY301,0003,0202.sym,02.02,read_actuator_id_number,16482,
FY301,0003,0202.sym,02.02,write_diaginosis_reference,16549,
FY301,0003,0202.sym,02.02,read_manual_setup,16681,
FY301,0003,0202.sym,02.02,read_servo_pid_controller_variables,16509,
FY301,0003,0202.sym,02.02,read_diagnosis_variables,16556,
FY301,0003,0202.sym,02.02,lower_upper_da_trim,16460,
FY301,0003,0202.sym,02.02,write_servo_pid_integral_factor_tr,16517,
FY301,0003,0202.sym,02.02,read_servo_pid_sp_limits,16519,
FY301,0003,0202.sym,02.02,read_sensor_pressure_limits,16672,
FY301,0003,0202.sym,02.02,read_servo_pid_power_up_data_percent,16532,
FY301,0003,0202.sym,02.02,Write_lower_transducer_trim_point,16418,
FY301,0003,0202.sym,02.02,setup_command,16434,
FY301,0003,0202.sym,02.02,write_divice_id_number,16476,
FY301,0003,0202.sym,02.02,read_smar_order_code,16473,
FY301,0003,0202.sym,02.02,write_sensor_pressure_limits,16675,
FY301,0003,0202.sym,02.02,read_local_keys_mode_control,16463,
FY301,0003,0202.sym,02.02,write_table_function,16430,
FY301,0003,0202.sym,02.02,trim_upper_lower_pressure,16668,
FY301,0003,0202.sym,02.02,read_local_key_mode_control,16420,
FY301,0003,0202.sym,02.02,write_password,16470,
FY301,0003,0202.sym,02.02,read_diagnostic_flag_enable_disable,16535,
